algorithm,problem,suite,strict_igd,mean_igd,mean_hv,mean_feasible,bad_runs,runs
CMOEA-AOP,CF1,CF,0.0042782396859361,0.0042782396859361,0.5609252155895295,1.0000000000000000,0,5
CMOEA-AOP,CF2,CF,0.0344680671810412,0.0344680671810412,0.6406491961697569,1.0000000000000000,0,5
CMOEA-AOP,CF3,CF,0.2170371810433366,0.2170371810433366,0.1828982972204155,1.0000000000000000,0,5
CMOEA-AOP,CF4,CF,0.0614567485507374,0.0614567485507374,0.4584415252458761,1.0000000000000000,0,5
CMOEA-AOP,CF5,CF,0.3426128403555072,0.3426128403555072,0.2189668191865265,1.0000000000000000,0,5
CMOEA-AOP,CF6,CF,0.0742507535301715,0.0742507535301715,0.6435516149157530,1.0000000000000000,0,5
CMOEA-AOP,CF7,CF,0.1330390705228956,0.1330390705228956,0.5492515508075519,1.0000000000000000,0,5
CMOEA-AOP,CF8,CF,0.1653559578510158,0.1653559578510158,0.3389870745464857,1.0000000000000000,0,5
CMOEA-AOP,CF9,CF,0.1011186599354738,0.1011186599354738,0.4168462282808278,1.0000000000000000,0,5
CMOEA-AOP,CF10,CF,0.3236935539302845,0.3236935539302845,0.1751228352461264,1.0000000000000000,0,5
CMOEA-AOP,LIRCMOP1,LIR-CMOP,0.2160678073867328,0.2160678073867328,0.1390819194100046,1.0000000000000000,0,5
CMOEA-AOP,LIRCMOP2,LIR-CMOP,0.2002644884651668,0.2002644884651668,0.2533106686992965,1.0000000000000000,0,5
CMOEA-AOP,LIRCMOP3,LIR-CMOP,0.2354526048187591,0.2354526048187591,0.1153384760459775,1.0000000000000000,0,5
CMOEA-AOP,LIRCMOP4,LIR-CMOP,0.2603280798719624,0.2603280798719624,0.2144475979788142,1.0000000000000000,0,5
CMOEA-AOP,LIRCMOP5,LIR-CMOP,0.5569464900629832,0.5569464900629832,0.1306363186552182,1.0000000000000000,0,5
CMOEA-AOP,LIRCMOP6,LIR-CMOP,0.2519958902316604,0.2519958902316604,0.1295962482309437,1.0000000000000000,0,5
CMOEA-AOP,LIRCMOP7,LIR-CMOP,0.0203406986407076,0.0203406986407076,0.2874826862323205,1.0000000000000000,0,5
CMOEA-AOP,LIRCMOP8,LIR-CMOP,0.0389344412199599,0.0389344412199599,0.2793257778929108,1.0000000000000000,0,5
CMOEA-AOP,LIRCMOP9,LIR-CMOP,0.4216603751820475,0.4216603751820475,0.3820683316833492,1.0000000000000000,0,5
CMOEA-AOP,LIRCMOP10,LIR-CMOP,0.2499770378942385,0.2499770378942385,0.5768983863625162,1.0000000000000000,0,5
CMOEA-AOP,LIRCMOP11,LIR-CMOP,0.0812666012591696,0.0812666012591696,0.6470287896536020,1.0000000000000000,0,5
CMOEA-AOP,LIRCMOP12,LIR-CMOP,0.2236682246316103,0.2236682246316103,0.4896887990382220,1.0000000000000000,0,5
CMOEA-AOP,LIRCMOP13,LIR-CMOP,0.0970039723659656,0.0970039723659656,0.5443950749156496,1.0000000000000000,0,5
CMOEA-AOP,LIRCMOP14,LIR-CMOP,0.0986919009715780,0.0986919009715780,0.5493422777259317,1.0000000000000000,0,5
CMOEA-AOP,DASCMOP1,DAS-CMOP,0.0072200263737680,0.0072200263737680,0.2090572696164870,1.0000000000000000,0,5
CMOEA-AOP,DASCMOP2,DAS-CMOP,0.0404172734328343,0.0404172734328343,0.3377481932184306,1.0000000000000000,0,5
CMOEA-AOP,DASCMOP3,DAS-CMOP,0.0214468342905360,0.0214468342905360,0.3096950774557611,1.0000000000000000,0,5
CMOEA-AOP,DASCMOP4,DAS-CMOP,0.5345015068340012,0.5345015068340012,0.0332376284043142,1.0000000000000000,0,5
CMOEA-AOP,DASCMOP5,DAS-CMOP,Inf,0.1091686270004110,0.2799565088475455,0.6000000000000000,2,5
CMOEA-AOP,DASCMOP6,DAS-CMOP,Inf,0.3702541469154217,0.1634266635913813,0.7280000000000000,1,5
CMOEA-AOP,DASCMOP7,DAS-CMOP,Inf,0.4946222645538756,0.1461176204240686,0.4000000000000000,3,5
CMOEA-AOP,DASCMOP8,DAS-CMOP,Inf,0.4133692995697789,0.0985228135236459,0.8000000000000000,1,5
CMOEA-AOP,DASCMOP9,DAS-CMOP,0.1213801562175259,0.1213801562175259,0.1869273946642855,1.0000000000000000,0,5
Dual-Role-Credit-AOP-v1,CF1,CF,0.0051401177362754,0.0051401177362754,0.5598735094622903,1.0000000000000000,0,5
Dual-Role-Credit-AOP-v1,CF2,CF,0.0196323912382520,0.0196323912382520,0.6566237179436715,1.0000000000000000,0,5
Dual-Role-Credit-AOP-v1,CF3,CF,0.1485623393347307,0.1485623393347307,0.2410468647449615,1.0000000000000000,0,5
Dual-Role-Credit-AOP-v1,CF4,CF,0.0622998301840840,0.0622998301840840,0.4545975068798339,1.0000000000000000,0,5
Dual-Role-Credit-AOP-v1,CF5,CF,0.2133803538253526,0.2133803538253526,0.3551287811177541,1.0000000000000000,0,5
Dual-Role-Credit-AOP-v1,CF6,CF,0.0543697148646558,0.0543697148646558,0.6540581937024985,1.0000000000000000,0,5
Dual-Role-Credit-AOP-v1,CF7,CF,0.1998960733594234,0.1998960733594234,0.5221222939975219,1.0000000000000000,0,5
Dual-Role-Credit-AOP-v1,CF8,CF,0.1622389884404796,0.1622389884404796,0.3449381777250599,1.0000000000000000,0,5
Dual-Role-Credit-AOP-v1,CF9,CF,0.0974273971374282,0.0974273971374282,0.4229671054640103,1.0000000000000000,0,5
Dual-Role-Credit-AOP-v1,CF10,CF,0.4339470675691094,0.4339470675691094,0.1499325324790888,1.0000000000000000,0,5
Dual-Role-Credit-AOP-v1,LIRCMOP1,LIR-CMOP,0.2757241728734390,0.2757241728734390,0.1219322421172335,1.0000000000000000,0,5
Dual-Role-Credit-AOP-v1,LIRCMOP2,LIR-CMOP,0.1820422346433053,0.1820422346433053,0.2740075679812773,1.0000000000000000,0,5
Dual-Role-Credit-AOP-v1,LIRCMOP3,LIR-CMOP,0.2485176127060684,0.2485176127060684,0.1202042363684633,1.0000000000000000,0,5
Dual-Role-Credit-AOP-v1,LIRCMOP4,LIR-CMOP,0.2594638940911410,0.2594638940911410,0.2047734004486982,1.0000000000000000,0,5
Dual-Role-Credit-AOP-v1,LIRCMOP5,LIR-CMOP,0.3073020438181026,0.3073020438181026,0.1621212963330808,1.0000000000000000,0,5
Dual-Role-Credit-AOP-v1,LIRCMOP6,LIR-CMOP,0.2297112104487604,0.2297112104487604,0.1424271464807170,1.0000000000000000,0,5
Dual-Role-Credit-AOP-v1,LIRCMOP7,LIR-CMOP,0.0662631401166080,0.0662631401166080,0.2679229046274021,1.0000000000000000,0,5
Dual-Role-Credit-AOP-v1,LIRCMOP8,LIR-CMOP,0.0406050128545451,0.0406050128545451,0.2790226258642298,1.0000000000000000,0,5
Dual-Role-Credit-AOP-v1,LIRCMOP9,LIR-CMOP,0.4870201623291740,0.4870201623291740,0.3604177841780429,1.0000000000000000,0,5
Dual-Role-Credit-AOP-v1,LIRCMOP10,LIR-CMOP,0.2307616413608900,0.2307616413608900,0.5890815183735146,1.0000000000000000,0,5
Dual-Role-Credit-AOP-v1,LIRCMOP11,LIR-CMOP,0.1172795191639643,0.1172795191639643,0.6222517809504119,1.0000000000000000,0,5
Dual-Role-Credit-AOP-v1,LIRCMOP12,LIR-CMOP,0.1918459854699110,0.1918459854699110,0.5150160421818750,1.0000000000000000,0,5
Dual-Role-Credit-AOP-v1,LIRCMOP13,LIR-CMOP,0.0988056552392058,0.0988056552392058,0.5415047646837603,1.0000000000000000,0,5
Dual-Role-Credit-AOP-v1,LIRCMOP14,LIR-CMOP,0.0966730344716631,0.0966730344716631,0.5502846059419206,1.0000000000000000,0,5
Dual-Role-Credit-AOP-v1,DASCMOP1,DAS-CMOP,0.0081462018220705,0.0081462018220705,0.2089904769343435,1.0000000000000000,0,5
Dual-Role-Credit-AOP-v1,DASCMOP2,DAS-CMOP,0.0092116734041894,0.0092116734041894,0.3515013081240205,1.0000000000000000,0,5
Dual-Role-Credit-AOP-v1,DASCMOP3,DAS-CMOP,0.0231650006916783,0.0231650006916783,0.3069916302531505,1.0000000000000000,0,5
Dual-Role-Credit-AOP-v1,DASCMOP4,DAS-CMOP,0.3902678798395666,0.3902678798395666,0.0591531040422987,1.0000000000000000,0,5
Dual-Role-Credit-AOP-v1,DASCMOP5,DAS-CMOP,0.4993611740119103,0.4993611740119103,0.0811551284009908,1.0000000000000000,0,5
Dual-Role-Credit-AOP-v1,DASCMOP6,DAS-CMOP,0.4510122890403291,0.4510122890403291,0.1184504072153519,1.0000000000000000,0,5
Dual-Role-Credit-AOP-v1,DASCMOP7,DAS-CMOP,0.6133544158947819,0.6133544158947819,0.0959237164436560,1.0000000000000000,0,5
Dual-Role-Credit-AOP-v1,DASCMOP8,DAS-CMOP,0.4497648078307525,0.4497648078307525,0.0305974085844161,1.0000000000000000,0,5
Dual-Role-Credit-AOP-v1,DASCMOP9,DAS-CMOP,0.0525279013755567,0.0525279013755567,0.2033646093501187,1.0000000000000000,0,5
Dual-Role-Credit-AOP-v2,CF1,CF,0.0056091298418653,0.0056091298418653,0.5593025312894840,1.0000000000000000,0,5
Dual-Role-Credit-AOP-v2,CF2,CF,0.0231471529408194,0.0231471529408194,0.6535321434283871,1.0000000000000000,0,5
Dual-Role-Credit-AOP-v2,CF3,CF,0.2044498278316009,0.2044498278316009,0.2230996751893035,1.0000000000000000,0,5
Dual-Role-Credit-AOP-v2,CF4,CF,0.0708966039206336,0.0708966039206336,0.4468142798793378,1.0000000000000000,0,5
Dual-Role-Credit-AOP-v2,CF5,CF,0.1949674911056455,0.1949674911056455,0.3468647469058085,1.0000000000000000,0,5
Dual-Role-Credit-AOP-v2,CF6,CF,0.0413247281406431,0.0413247281406431,0.6609699878325522,1.0000000000000000,0,5
Dual-Role-Credit-AOP-v2,CF7,CF,0.3182540712522526,0.3182540712522526,0.4290148487282684,1.0000000000000000,0,5
Dual-Role-Credit-AOP-v2,CF8,CF,0.1791884521405644,0.1791884521405644,0.3191473597707696,1.0000000000000000,0,5
Dual-Role-Credit-AOP-v2,CF9,CF,0.0945998654912898,0.0945998654912898,0.4326960829247829,1.0000000000000000,0,5
Dual-Role-Credit-AOP-v2,CF10,CF,0.3641967016471589,0.3641967016471589,0.1559395023722415,1.0000000000000000,0,5
Dual-Role-Credit-AOP-v2,LIRCMOP1,LIR-CMOP,0.2482194578974568,0.2482194578974568,0.1271297454352928,1.0000000000000000,0,5
Dual-Role-Credit-AOP-v2,LIRCMOP2,LIR-CMOP,0.1763563080303359,0.1763563080303359,0.2710577567617653,1.0000000000000000,0,5
Dual-Role-Credit-AOP-v2,LIRCMOP3,LIR-CMOP,0.2619950091978541,0.2619950091978541,0.1128889742003708,1.0000000000000000,0,5
Dual-Role-Credit-AOP-v2,LIRCMOP4,LIR-CMOP,0.2644896010097227,0.2644896010097227,0.2057289051866867,1.0000000000000000,0,5
Dual-Role-Credit-AOP-v2,LIRCMOP5,LIR-CMOP,0.2649964390598238,0.2649964390598238,0.1903523723541361,1.0000000000000000,0,5
Dual-Role-Credit-AOP-v2,LIRCMOP6,LIR-CMOP,0.2124601831953296,0.2124601831953296,0.1488815920084337,1.0000000000000000,0,5
Dual-Role-Credit-AOP-v2,LIRCMOP7,LIR-CMOP,0.0455912226993167,0.0455912226993167,0.2777533757978320,1.0000000000000000,0,5
Dual-Role-Credit-AOP-v2,LIRCMOP8,LIR-CMOP,0.0227914776646527,0.0227914776646527,0.2863637900803516,1.0000000000000000,0,5
Dual-Role-Credit-AOP-v2,LIRCMOP9,LIR-CMOP,0.4547347185659710,0.4547347185659710,0.3754340055069011,1.0000000000000000,0,5
Dual-Role-Credit-AOP-v2,LIRCMOP10,LIR-CMOP,0.2281482127338427,0.2281482127338427,0.5929635404365443,1.0000000000000000,0,5
Dual-Role-Credit-AOP-v2,LIRCMOP11,LIR-CMOP,0.1198156995496179,0.1198156995496179,0.6203154662318842,1.0000000000000000,0,5
Dual-Role-Credit-AOP-v2,LIRCMOP12,LIR-CMOP,0.1619458655068554,0.1619458655068554,0.5326061223978497,1.0000000000000000,0,5
Dual-Role-Credit-AOP-v2,LIRCMOP13,LIR-CMOP,0.1003764069402701,0.1003764069402701,0.5380053403950052,1.0000000000000000,0,5
Dual-Role-Credit-AOP-v2,LIRCMOP14,LIR-CMOP,0.0979672788948409,0.0979672788948409,0.5508786967463559,1.0000000000000000,0,5
Dual-Role-Credit-AOP-v2,DASCMOP1,DAS-CMOP,0.0127709595662995,0.0127709595662995,0.2072995924950893,1.0000000000000000,0,5
Dual-Role-Credit-AOP-v2,DASCMOP2,DAS-CMOP,0.0087911816242566,0.0087911816242566,0.3519842659806211,1.0000000000000000,0,5
Dual-Role-Credit-AOP-v2,DASCMOP3,DAS-CMOP,0.0300341847333911,0.0300341847333911,0.3007107000272665,1.0000000000000000,0,5
Dual-Role-Credit-AOP-v2,DASCMOP4,DAS-CMOP,0.4040798562050308,0.4040798562050308,0.0557507106288035,1.0000000000000000,0,5
Dual-Role-Credit-AOP-v2,DASCMOP5,DAS-CMOP,0.4245274062031548,0.4245274062031548,0.1104939852367196,1.0000000000000000,0,5
Dual-Role-Credit-AOP-v2,DASCMOP6,DAS-CMOP,0.5438837776491935,0.5438837776491935,0.0512169250193488,1.0000000000000000,0,5
Dual-Role-Credit-AOP-v2,DASCMOP7,DAS-CMOP,0.2807880269252414,0.2807880269252414,0.1743057683293840,1.0000000000000000,0,5
Dual-Role-Credit-AOP-v2,DASCMOP8,DAS-CMOP,0.2279351871140614,0.2279351871140614,0.1122952652464165,1.0000000000000000,0,5
Dual-Role-Credit-AOP-v2,DASCMOP9,DAS-CMOP,0.0502467699696637,0.0502467699696637,0.2031351960066448,1.0000000000000000,0,5
Dual-Role-Credit-AOP-v3,CF1,CF,0.0049665650388972,0.0049665650388972,0.5601056482841482,1.0000000000000000,0,5
Dual-Role-Credit-AOP-v3,CF2,CF,0.0250467419863699,0.0250467419863699,0.6508935356666674,1.0000000000000000,0,5
Dual-Role-Credit-AOP-v3,CF3,CF,0.1921191300485662,0.1921191300485662,0.2188705399940869,1.0000000000000000,0,5
Dual-Role-Credit-AOP-v3,CF4,CF,0.0599328344622574,0.0599328344622574,0.4568536135522222,1.0000000000000000,0,5
Dual-Role-Credit-AOP-v3,CF5,CF,0.1922140333010889,0.1922140333010889,0.3644215935798755,1.0000000000000000,0,5
Dual-Role-Credit-AOP-v3,CF6,CF,0.0388995531869558,0.0388995531869558,0.6603102087360879,1.0000000000000000,0,5
Dual-Role-Credit-AOP-v3,CF7,CF,0.1871957425192267,0.1871957425192267,0.4984839108514758,1.0000000000000000,0,5
Dual-Role-Credit-AOP-v3,CF8,CF,0.1641702721212843,0.1641702721212843,0.3465817742120340,1.0000000000000000,0,5
Dual-Role-Credit-AOP-v3,CF9,CF,0.0961248092755420,0.0961248092755420,0.4247550401600879,1.0000000000000000,0,5
Dual-Role-Credit-AOP-v3,CF10,CF,0.3744430287147768,0.3744430287147768,0.1467941608000638,1.0000000000000000,0,5
Dual-Role-Credit-AOP-v3,LIRCMOP1,LIR-CMOP,0.2352804194742196,0.2352804194742196,0.1303806559366377,1.0000000000000000,0,5
Dual-Role-Credit-AOP-v3,LIRCMOP2,LIR-CMOP,0.1727997016597809,0.1727997016597809,0.2714089111057397,1.0000000000000000,0,5
Dual-Role-Credit-AOP-v3,LIRCMOP3,LIR-CMOP,0.2376164026109913,0.2376164026109913,0.1190029347298887,1.0000000000000000,0,5
Dual-Role-Credit-AOP-v3,LIRCMOP4,LIR-CMOP,0.2696014110755935,0.2696014110755935,0.1990129903676015,1.0000000000000000,0,5
Dual-Role-Credit-AOP-v3,LIRCMOP5,LIR-CMOP,0.1392184234005972,0.1392184234005972,0.2180292316882050,1.0000000000000000,0,5
Dual-Role-Credit-AOP-v3,LIRCMOP6,LIR-CMOP,0.2221008684682505,0.2221008684682505,0.1464366648353514,1.0000000000000000,0,5
Dual-Role-Credit-AOP-v3,LIRCMOP7,LIR-CMOP,0.0726605265295123,0.0726605265295123,0.2649019535993900,1.0000000000000000,0,5
Dual-Role-Credit-AOP-v3,LIRCMOP8,LIR-CMOP,0.0458065526196470,0.0458065526196470,0.2739896696397531,1.0000000000000000,0,5
Dual-Role-Credit-AOP-v3,LIRCMOP9,LIR-CMOP,0.4901575537207098,0.4901575537207098,0.3625287706577530,1.0000000000000000,0,5
Dual-Role-Credit-AOP-v3,LIRCMOP10,LIR-CMOP,0.2196396025296979,0.2196396025296979,0.5937205221489361,1.0000000000000000,0,5
Dual-Role-Credit-AOP-v3,LIRCMOP11,LIR-CMOP,0.1445210256093712,0.1445210256093712,0.6000900533599853,1.0000000000000000,0,5
Dual-Role-Credit-AOP-v3,LIRCMOP12,LIR-CMOP,0.1790411180723380,0.1790411180723380,0.5198785675074082,1.0000000000000000,0,5
Dual-Role-Credit-AOP-v3,LIRCMOP13,LIR-CMOP,0.0989262446187315,0.0989262446187315,0.5409808188503519,1.0000000000000000,0,5
Dual-Role-Credit-AOP-v3,LIRCMOP14,LIR-CMOP,0.0977428736036550,0.0977428736036550,0.5503415495334674,1.0000000000000000,0,5
Dual-Role-Credit-AOP-v3,DASCMOP1,DAS-CMOP,0.0087805014584744,0.0087805014584744,0.2090717506546463,1.0000000000000000,0,5
Dual-Role-Credit-AOP-v3,DASCMOP2,DAS-CMOP,0.0092974341946339,0.0092974341946339,0.3511865090475546,1.0000000000000000,0,5
Dual-Role-Credit-AOP-v3,DASCMOP3,DAS-CMOP,0.0218085926178490,0.0218085926178490,0.3083318756313401,1.0000000000000000,0,5
Dual-Role-Credit-AOP-v3,DASCMOP4,DAS-CMOP,0.3872704249756372,0.3872704249756372,0.0511056597926020,1.0000000000000000,0,5
Dual-Role-Credit-AOP-v3,DASCMOP5,DAS-CMOP,0.5217771910012206,0.5217771910012206,0.0858876508669734,1.0000000000000000,0,5
Dual-Role-Credit-AOP-v3,DASCMOP6,DAS-CMOP,0.6100571168253833,0.6100571168253833,0.0440018905426390,1.0000000000000000,0,5
Dual-Role-Credit-AOP-v3,DASCMOP7,DAS-CMOP,0.4714846657348274,0.4714846657348274,0.1106572063543092,1.0000000000000000,0,5
Dual-Role-Credit-AOP-v3,DASCMOP8,DAS-CMOP,0.4127994607711777,0.4127994607711777,0.0384267257012696,1.0000000000000000,0,5
Dual-Role-Credit-AOP-v3,DASCMOP9,DAS-CMOP,0.0547319395797219,0.0547319395797219,0.2022866603603025,1.0000000000000000,0,5
Dual-Survival-Credit-AOP,CF1,CF,0.0049726245958573,0.0049726245958573,0.5600927008224984,1.0000000000000000,0,5
Dual-Survival-Credit-AOP,CF2,CF,0.0259492904221781,0.0259492904221781,0.6439237870236264,1.0000000000000000,0,5
Dual-Survival-Credit-AOP,CF3,CF,0.1717555338904988,0.1717555338904988,0.2456788107027222,1.0000000000000000,0,5
Dual-Survival-Credit-AOP,CF4,CF,0.0617351661865251,0.0617351661865251,0.4567006256145820,1.0000000000000000,0,5
Dual-Survival-Credit-AOP,CF5,CF,0.2576002366313246,0.2576002366313246,0.3031815642437156,1.0000000000000000,0,5
Dual-Survival-Credit-AOP,CF6,CF,0.0376609932244331,0.0376609932244331,0.6582455797202379,1.0000000000000000,0,5
Dual-Survival-Credit-AOP,CF7,CF,0.1521869796173393,0.1521869796173393,0.5510508039032544,1.0000000000000000,0,5
Dual-Survival-Credit-AOP,CF8,CF,0.1740754064680671,0.1740754064680671,0.3212465921588293,1.0000000000000000,0,5
Dual-Survival-Credit-AOP,CF9,CF,0.0947988795914620,0.0947988795914620,0.4228023506818678,1.0000000000000000,0,5
Dual-Survival-Credit-AOP,CF10,CF,0.3776110760680845,0.3776110760680845,0.1469079952375359,1.0000000000000000,0,5
Dual-Survival-Credit-AOP,LIRCMOP1,LIR-CMOP,0.2669137923729144,0.2669137923729144,0.1198907968149110,1.0000000000000000,0,5
Dual-Survival-Credit-AOP,LIRCMOP2,LIR-CMOP,0.1861351228098966,0.1861351228098966,0.2565813910150131,1.0000000000000000,0,5
Dual-Survival-Credit-AOP,LIRCMOP3,LIR-CMOP,0.2787388111718055,0.2787388111718055,0.1064199764503369,1.0000000000000000,0,5
Dual-Survival-Credit-AOP,LIRCMOP4,LIR-CMOP,0.2297246173649450,0.2297246173649450,0.2153393425933165,1.0000000000000000,0,5
Dual-Survival-Credit-AOP,LIRCMOP5,LIR-CMOP,0.1094174733599318,0.1094174733599318,0.2296556720283212,1.0000000000000000,0,5
Dual-Survival-Credit-AOP,LIRCMOP6,LIR-CMOP,0.1415884734677228,0.1415884734677228,0.1546469507557311,1.0000000000000000,0,5
Dual-Survival-Credit-AOP,LIRCMOP7,LIR-CMOP,0.0618364691125813,0.0618364691125813,0.2729110277471463,1.0000000000000000,0,5
Dual-Survival-Credit-AOP,LIRCMOP8,LIR-CMOP,0.0304365972200146,0.0304365972200146,0.2827451781922831,1.0000000000000000,0,5
Dual-Survival-Credit-AOP,LIRCMOP9,LIR-CMOP,0.4514872495589027,0.4514872495589027,0.3779262532739285,1.0000000000000000,0,5
Dual-Survival-Credit-AOP,LIRCMOP10,LIR-CMOP,0.2276994589693144,0.2276994589693144,0.5917873863530222,1.0000000000000000,0,5
Dual-Survival-Credit-AOP,LIRCMOP11,LIR-CMOP,0.1022699597540795,0.1022699597540795,0.6353020257549477,1.0000000000000000,0,5
Dual-Survival-Credit-AOP,LIRCMOP12,LIR-CMOP,0.1742045424376839,0.1742045424376839,0.5227774477616376,1.0000000000000000,0,5
Dual-Survival-Credit-AOP,LIRCMOP13,LIR-CMOP,0.0976293900968710,0.0976293900968710,0.5418596256818562,1.0000000000000000,0,5
Dual-Survival-Credit-AOP,LIRCMOP14,LIR-CMOP,0.0966040629211411,0.0966040629211411,0.5505198098718729,1.0000000000000000,0,5
Dual-Survival-Credit-AOP,DASCMOP1,DAS-CMOP,0.0119991388881610,0.0119991388881610,0.2074207141234488,1.0000000000000000,0,5
Dual-Survival-Credit-AOP,DASCMOP2,DAS-CMOP,0.0104329129849528,0.0104329129849528,0.3505504379974927,1.0000000000000000,0,5
Dual-Survival-Credit-AOP,DASCMOP3,DAS-CMOP,0.0921133743574514,0.0921133743574514,0.2832312146555268,1.0000000000000000,0,5
Dual-Survival-Credit-AOP,DASCMOP4,DAS-CMOP,0.2838955112054949,0.2838955112054949,0.0933463601383674,1.0000000000000000,0,5
Dual-Survival-Credit-AOP,DASCMOP5,DAS-CMOP,0.4143138738363724,0.4143138738363724,0.1280990725330883,1.0000000000000000,0,5
Dual-Survival-Credit-AOP,DASCMOP6,DAS-CMOP,0.4784892711010588,0.4784892711010588,0.0794681132110392,1.0000000000000000,0,5
Dual-Survival-Credit-AOP,DASCMOP7,DAS-CMOP,0.3526877103825334,0.3526877103825334,0.1660634286398364,1.0000000000000000,0,5
Dual-Survival-Credit-AOP,DASCMOP8,DAS-CMOP,0.1756948671820666,0.1756948671820666,0.1316844447606040,1.0000000000000000,0,5
Dual-Survival-Credit-AOP,DASCMOP9,DAS-CMOP,0.0624727455282571,0.0624727455282571,0.2002922909183029,1.0000000000000000,0,5
EMCMO,CF1,CF,0.0114323143086188,0.0114323143086188,0.5518250320332058,1.0000000000000000,0,5
EMCMO,CF2,CF,0.0550100759180518,0.0550100759180518,0.6032052268267780,1.0000000000000000,0,5
EMCMO,CF3,CF,0.2364248080622122,0.2364248080622122,0.1606386288468906,1.0000000000000000,0,5
EMCMO,CF4,CF,0.0810156261902190,0.0810156261902190,0.4371981785487082,1.0000000000000000,0,5
EMCMO,CF5,CF,0.3246600364298145,0.3246600364298145,0.2566445625281518,1.0000000000000000,0,5
EMCMO,CF6,CF,0.0601918337135097,0.0601918337135097,0.6417646472584189,1.0000000000000000,0,5
EMCMO,CF7,CF,0.2753651431931128,0.2753651431931128,0.4511693105160327,1.0000000000000000,0,5
EMCMO,CF8,CF,0.2465671580361367,0.2465671580361367,0.2423590216319514,1.0000000000000000,0,5
EMCMO,CF9,CF,0.1152597245356299,0.1152597245356299,0.3931936588352698,1.0000000000000000,0,5
EMCMO,CF10,CF,0.3233434088814326,0.3233434088814326,0.1633791719937380,1.0000000000000000,0,5
EMCMO,LIRCMOP1,LIR-CMOP,0.2218687010217482,0.2218687010217482,0.1344667409263188,1.0000000000000000,0,5
EMCMO,LIRCMOP2,LIR-CMOP,0.2469085076154459,0.2469085076154459,0.2382712312760629,1.0000000000000000,0,5
EMCMO,LIRCMOP3,LIR-CMOP,0.2704933853917345,0.2704933853917345,0.1123509933536831,1.0000000000000000,0,5
EMCMO,LIRCMOP4,LIR-CMOP,0.2799603523115309,0.2799603523115309,0.1953154581931026,1.0000000000000000,0,5
EMCMO,LIRCMOP5,LIR-CMOP,0.3139987865742797,0.3139987865742797,0.1468169294873518,1.0000000000000000,0,5
EMCMO,LIRCMOP6,LIR-CMOP,0.3745269467726571,0.3745269467726571,0.1017558467412336,1.0000000000000000,0,5
EMCMO,LIRCMOP7,LIR-CMOP,0.1185404311442311,0.1185404311442311,0.2478556846841335,1.0000000000000000,0,5
EMCMO,LIRCMOP8,LIR-CMOP,0.2031980610655365,0.2031980610655365,0.2290000941265128,1.0000000000000000,0,5
EMCMO,LIRCMOP9,LIR-CMOP,0.6545764764185461,0.6545764764185461,0.2900479498108864,1.0000000000000000,0,5
EMCMO,LIRCMOP10,LIR-CMOP,0.2631617274427897,0.2631617274427897,0.5436871200755787,1.0000000000000000,0,5
EMCMO,LIRCMOP11,LIR-CMOP,0.1367516004765679,0.1367516004765679,0.6165763592887681,1.0000000000000000,0,5
EMCMO,LIRCMOP12,LIR-CMOP,0.3218371736782533,0.3218371736782533,0.4882679399505864,1.0000000000000000,0,5
EMCMO,LIRCMOP13,LIR-CMOP,0.0911165832260839,0.0911165832260839,0.5571754162015061,1.0000000000000000,0,5
EMCMO,LIRCMOP14,LIR-CMOP,0.0955464331698476,0.0955464331698476,0.5564004198761234,1.0000000000000000,0,5
EMCMO,DASCMOP1,DAS-CMOP,0.7414310531330559,0.7414310531330559,0.0047193931394007,1.0000000000000000,0,5
EMCMO,DASCMOP2,DAS-CMOP,0.2317684618346360,0.2317684618346360,0.2535275382114784,1.0000000000000000,0,5
EMCMO,DASCMOP3,DAS-CMOP,0.3274426538293807,0.3274426538293807,0.2098547141796431,1.0000000000000000,0,5
EMCMO,DASCMOP4,DAS-CMOP,0.0025684513159898,0.0025684513159898,0.2002430574981372,1.0000000000000000,0,5
EMCMO,DASCMOP5,DAS-CMOP,0.0069249080568364,0.0069249080568364,0.3492144377194982,1.0000000000000000,0,5
EMCMO,DASCMOP6,DAS-CMOP,0.0585245358716873,0.0585245358716873,0.2941934666763480,1.0000000000000000,0,5
EMCMO,DASCMOP7,DAS-CMOP,0.0369330894649096,0.0369330894649096,0.2844584106596787,1.0000000000000000,0,5
EMCMO,DASCMOP8,DAS-CMOP,0.0472120396735983,0.0472120396735983,0.2049927422011242,1.0000000000000000,0,5
EMCMO,DASCMOP9,DAS-CMOP,0.3402526409267844,0.3402526409267844,0.1307436029847757,1.0000000000000000,0,5
Equal-AOP,CF1,CF,0.0054287466665419,0.0054287466665419,0.5595662600598998,1.0000000000000000,0,5
Equal-AOP,CF2,CF,0.0140717657436288,0.0140717657436288,0.6624887353480093,1.0000000000000000,0,5
Equal-AOP,CF3,CF,0.1553912698745662,0.1553912698745662,0.2362875772840078,1.0000000000000000,0,5
Equal-AOP,CF4,CF,0.0540175562100609,0.0540175562100609,0.4665285004757354,1.0000000000000000,0,5
Equal-AOP,CF5,CF,0.2246397940975824,0.2246397940975824,0.3148035906675858,1.0000000000000000,0,5
Equal-AOP,CF6,CF,0.0387011832108372,0.0387011832108372,0.6606343318426665,1.0000000000000000,0,5
Equal-AOP,CF7,CF,0.3048533468111362,0.3048533468111362,0.4052619500718956,1.0000000000000000,0,5
Equal-AOP,CF8,CF,0.1617208412606371,0.1617208412606371,0.3360086845578104,1.0000000000000000,0,5
Equal-AOP,CF9,CF,0.0993601345340627,0.0993601345340627,0.4136913563224821,1.0000000000000000,0,5
Equal-AOP,CF10,CF,0.3536857455010510,0.3536857455010510,0.1419214618979022,1.0000000000000000,0,5
Equal-AOP,LIRCMOP1,LIR-CMOP,0.2393893696599934,0.2393893696599934,0.1293665102529667,1.0000000000000000,0,5
Equal-AOP,LIRCMOP2,LIR-CMOP,0.1841545081856086,0.1841545081856086,0.2556785793898209,1.0000000000000000,0,5
Equal-AOP,LIRCMOP3,LIR-CMOP,0.2762225424143284,0.2762225424143284,0.1101299213947924,1.0000000000000000,0,5
Equal-AOP,LIRCMOP4,LIR-CMOP,0.2558273780350271,0.2558273780350271,0.2034267501967987,1.0000000000000000,0,5
Equal-AOP,LIRCMOP5,LIR-CMOP,0.2180851583945649,0.2180851583945649,0.1983417449262499,1.0000000000000000,0,5
Equal-AOP,LIRCMOP6,LIR-CMOP,0.2219804516755547,0.2219804516755547,0.1360142191065720,1.0000000000000000,0,5
Equal-AOP,LIRCMOP7,LIR-CMOP,0.0353687442848411,0.0353687442848411,0.2801064759062243,1.0000000000000000,0,5
Equal-AOP,LIRCMOP8,LIR-CMOP,0.0373337803788280,0.0373337803788280,0.2800725601890253,1.0000000000000000,0,5
Equal-AOP,LIRCMOP9,LIR-CMOP,0.4917595840365634,0.4917595840365634,0.3609405652853880,1.0000000000000000,0,5
Equal-AOP,LIRCMOP10,LIR-CMOP,0.2247763122452374,0.2247763122452374,0.5924299247784039,1.0000000000000000,0,5
Equal-AOP,LIRCMOP11,LIR-CMOP,0.1055863296303030,0.1055863296303030,0.6282142997531330,1.0000000000000000,0,5
Equal-AOP,LIRCMOP12,LIR-CMOP,0.1949929955694163,0.1949929955694163,0.5185563572259251,1.0000000000000000,0,5
Equal-AOP,LIRCMOP13,LIR-CMOP,0.1007042657118865,0.1007042657118865,0.5379679611746488,1.0000000000000000,0,5
Equal-AOP,LIRCMOP14,LIR-CMOP,0.0982116199696438,0.0982116199696438,0.5506300612510671,1.0000000000000000,0,5
Equal-AOP,DASCMOP1,DAS-CMOP,0.0080334468516945,0.0080334468516945,0.2088878773130656,1.0000000000000000,0,5
Equal-AOP,DASCMOP2,DAS-CMOP,0.0086795752460279,0.0086795752460279,0.3518576278686744,1.0000000000000000,0,5
Equal-AOP,DASCMOP3,DAS-CMOP,0.0498444333172713,0.0498444333172713,0.2964438978284506,1.0000000000000000,0,5
Equal-AOP,DASCMOP4,DAS-CMOP,0.5498080204156726,0.5498080204156726,0.0466721199376146,1.0000000000000000,0,5
Equal-AOP,DASCMOP5,DAS-CMOP,0.6039506167676184,0.6039506167676184,0.0963275905822698,0.8039999999999999,0,5
Equal-AOP,DASCMOP6,DAS-CMOP,0.5597276459601830,0.5597276459601830,0.0477345362310295,1.0000000000000000,0,5
Equal-AOP,DASCMOP7,DAS-CMOP,0.6422014986344688,0.6422014986344688,0.0752103427520995,1.0000000000000000,0,5
Equal-AOP,DASCMOP8,DAS-CMOP,0.4165380453218314,0.4165380453218314,0.0526930776392061,1.0000000000000000,0,5
Equal-AOP,DASCMOP9,DAS-CMOP,0.0471484965936262,0.0471484965936262,0.2033916172249646,1.0000000000000000,0,5
Objective-Credit-AOP,CF1,CF,0.0055984892269394,0.0055984892269394,0.5593353281850889,1.0000000000000000,0,5
Objective-Credit-AOP,CF2,CF,0.0186022567001223,0.0186022567001223,0.6604251656475072,1.0000000000000000,0,5
Objective-Credit-AOP,CF3,CF,0.1829832759266088,0.1829832759266088,0.2194430647912299,1.0000000000000000,0,5
Objective-Credit-AOP,CF4,CF,0.0515834467755108,0.0515834467755108,0.4687526254021258,1.0000000000000000,0,5
Objective-Credit-AOP,CF5,CF,0.1991630830024102,0.1991630830024102,0.3440211634594376,1.0000000000000000,0,5
Objective-Credit-AOP,CF6,CF,0.0429978605733295,0.0429978605733295,0.6535904408689065,1.0000000000000000,0,5
Objective-Credit-AOP,CF7,CF,0.1509501538576868,0.1509501538576868,0.5361414075264016,1.0000000000000000,0,5
Objective-Credit-AOP,CF8,CF,0.1609817402310137,0.1609817402310137,0.3463658465164340,1.0000000000000000,0,5
Objective-Credit-AOP,CF9,CF,0.1014723103717210,0.1014723103717210,0.4189418492443857,1.0000000000000000,0,5
Objective-Credit-AOP,CF10,CF,0.3659131311467084,0.3659131311467084,0.1554846940129315,1.0000000000000000,0,5
Objective-Credit-AOP,LIRCMOP1,LIR-CMOP,0.2267195658667662,0.2267195658667662,0.1348645121854274,1.0000000000000000,0,5
Objective-Credit-AOP,LIRCMOP2,LIR-CMOP,0.2105135090523648,0.2105135090523648,0.2440064224366278,1.0000000000000000,0,5
Objective-Credit-AOP,LIRCMOP3,LIR-CMOP,0.2690892288094239,0.2690892288094239,0.1125166698937816,1.0000000000000000,0,5
Objective-Credit-AOP,LIRCMOP4,LIR-CMOP,0.2784395500992215,0.2784395500992215,0.1976516434395042,1.0000000000000000,0,5
Objective-Credit-AOP,LIRCMOP5,LIR-CMOP,0.3181973991567280,0.3181973991567280,0.1639347299954207,1.0000000000000000,0,5
Objective-Credit-AOP,LIRCMOP6,LIR-CMOP,0.2420135980062088,0.2420135980062088,0.1334728223590603,1.0000000000000000,0,5
Objective-Credit-AOP,LIRCMOP7,LIR-CMOP,0.0333579561308338,0.0333579561308338,0.2815895746877243,1.0000000000000000,0,5
Objective-Credit-AOP,LIRCMOP8,LIR-CMOP,0.0317318254504488,0.0317318254504488,0.2814626725644990,1.0000000000000000,0,5
Objective-Credit-AOP,LIRCMOP9,LIR-CMOP,0.4719110224702937,0.4719110224702937,0.3696460081026368,1.0000000000000000,0,5
Objective-Credit-AOP,LIRCMOP10,LIR-CMOP,0.2303098805908582,0.2303098805908582,0.5880174828065431,1.0000000000000000,0,5
Objective-Credit-AOP,LIRCMOP11,LIR-CMOP,0.1085518088326806,0.1085518088326806,0.6251554486913303,1.0000000000000000,0,5
Objective-Credit-AOP,LIRCMOP12,LIR-CMOP,0.1714694329072383,0.1714694329072383,0.5259055673652586,1.0000000000000000,0,5
Objective-Credit-AOP,LIRCMOP13,LIR-CMOP,0.0994885302737686,0.0994885302737686,0.5391941277797933,1.0000000000000000,0,5
Objective-Credit-AOP,LIRCMOP14,LIR-CMOP,0.0977083848608344,0.0977083848608344,0.5497191447823072,1.0000000000000000,0,5
Objective-Credit-AOP,DASCMOP1,DAS-CMOP,0.0084105260274802,0.0084105260274802,0.2079481606982456,1.0000000000000000,0,5
Objective-Credit-AOP,DASCMOP2,DAS-CMOP,0.0096829635197004,0.0096829635197004,0.3507044014216657,1.0000000000000000,0,5
Objective-Credit-AOP,DASCMOP3,DAS-CMOP,0.0311745258077142,0.0311745258077142,0.3000534665052382,1.0000000000000000,0,5
Objective-Credit-AOP,DASCMOP4,DAS-CMOP,0.7348495905101163,0.7348495905101163,0.0205582636467293,1.0000000000000000,0,5
Objective-Credit-AOP,DASCMOP5,DAS-CMOP,0.6026948235722147,0.6026948235722147,0.0561681629926079,1.0000000000000000,0,5
Objective-Credit-AOP,DASCMOP6,DAS-CMOP,Inf,0.4952456776103786,0.0921099792334554,0.8000000000000000,1,5
Objective-Credit-AOP,DASCMOP7,DAS-CMOP,0.5915492576854445,0.5915492576854445,0.0941714953931376,1.0000000000000000,0,5
Objective-Credit-AOP,DASCMOP8,DAS-CMOP,0.4412068743748715,0.4412068743748715,0.1102908683705021,1.0000000000000000,0,5
Objective-Credit-AOP,DASCMOP9,DAS-CMOP,0.0580697060590347,0.0580697060590347,0.2014227623383638,1.0000000000000000,0,5
Survival-Credit-AOP,CF1,CF,0.0052928005668589,0.0052928005668589,0.5597065639988585,1.0000000000000000,0,5
Survival-Credit-AOP,CF2,CF,0.0240453019489688,0.0240453019489688,0.6443245763904233,1.0000000000000000,0,5
Survival-Credit-AOP,CF3,CF,0.2005836610062111,0.2005836610062111,0.1960449926359738,1.0000000000000000,0,5
Survival-Credit-AOP,CF4,CF,0.0605198902559520,0.0605198902559520,0.4523189364677919,1.0000000000000000,0,5
Survival-Credit-AOP,CF5,CF,0.3644891060597119,0.3644891060597119,0.2449651696851325,1.0000000000000000,0,5
Survival-Credit-AOP,CF6,CF,0.0877259480104891,0.0877259480104891,0.6373743961166708,1.0000000000000000,0,5
Survival-Credit-AOP,CF7,CF,0.1959447308994718,0.1959447308994718,0.5039908597943479,1.0000000000000000,0,5
Survival-Credit-AOP,CF8,CF,0.1716087602941666,0.1716087602941666,0.3446860738100074,1.0000000000000000,0,5
Survival-Credit-AOP,CF9,CF,0.1004628520689948,0.1004628520689948,0.4248904139416244,1.0000000000000000,0,5
Survival-Credit-AOP,CF10,CF,0.3341356862734804,0.3341356862734804,0.1768982249142232,1.0000000000000000,0,5
Survival-Credit-AOP,LIRCMOP1,LIR-CMOP,0.2440046915302826,0.2440046915302826,0.1298146965799262,1.0000000000000000,0,5
Survival-Credit-AOP,LIRCMOP2,LIR-CMOP,0.1746616347194570,0.1746616347194570,0.2641196665146194,1.0000000000000000,0,5
Survival-Credit-AOP,LIRCMOP3,LIR-CMOP,0.2710213283513249,0.2710213283513249,0.1093478255886764,1.0000000000000000,0,5
Survival-Credit-AOP,LIRCMOP4,LIR-CMOP,0.2443341797016266,0.2443341797016266,0.2108808396248608,1.0000000000000000,0,5
Survival-Credit-AOP,LIRCMOP5,LIR-CMOP,0.1854182379229639,0.1854182379229639,0.2145002998975278,1.0000000000000000,0,5
Survival-Credit-AOP,LIRCMOP6,LIR-CMOP,0.1813868677332669,0.1813868677332669,0.1517756327221743,1.0000000000000000,0,5
Survival-Credit-AOP,LIRCMOP7,LIR-CMOP,0.0418370164389272,0.0418370164389272,0.2790623358037770,1.0000000000000000,0,5
Survival-Credit-AOP,LIRCMOP8,LIR-CMOP,0.0893200423552349,0.0893200423552349,0.2702164808113245,1.0000000000000000,0,5
Survival-Credit-AOP,LIRCMOP9,LIR-CMOP,0.4693269654458401,0.4693269654458401,0.3709492298441375,1.0000000000000000,0,5
Survival-Credit-AOP,LIRCMOP10,LIR-CMOP,0.2250030558499308,0.2250030558499308,0.5938659305820901,1.0000000000000000,0,5
Survival-Credit-AOP,LIRCMOP11,LIR-CMOP,0.1219376281367102,0.1219376281367102,0.6275054099212680,1.0000000000000000,0,5
Survival-Credit-AOP,LIRCMOP12,LIR-CMOP,0.2223255926851294,0.2223255926851294,0.4953825254608373,1.0000000000000000,0,5
Survival-Credit-AOP,LIRCMOP13,LIR-CMOP,0.0973722721134941,0.0973722721134941,0.5424145696867274,1.0000000000000000,0,5
Survival-Credit-AOP,LIRCMOP14,LIR-CMOP,0.0980119639088819,0.0980119639088819,0.5504852087061791,1.0000000000000000,0,5
Survival-Credit-AOP,DASCMOP1,DAS-CMOP,0.0076698064273211,0.0076698064273211,0.2086345223707886,1.0000000000000000,0,5
Survival-Credit-AOP,DASCMOP2,DAS-CMOP,0.0096677664314576,0.0096677664314576,0.3512429556838340,1.0000000000000000,0,5
Survival-Credit-AOP,DASCMOP3,DAS-CMOP,0.1010867114642090,0.1010867114642090,0.2865444154070854,1.0000000000000000,0,5
Survival-Credit-AOP,DASCMOP4,DAS-CMOP,0.3307859716165074,0.3307859716165074,0.0724425351992967,1.0000000000000000,0,5
Survival-Credit-AOP,DASCMOP5,DAS-CMOP,0.4994704545684369,0.4994704545684369,0.1022406174564209,0.9140000000000000,0,5
Survival-Credit-AOP,DASCMOP6,DAS-CMOP,0.4920675252239241,0.4920675252239241,0.0904323089139037,1.0000000000000000,0,5
Survival-Credit-AOP,DASCMOP7,DAS-CMOP,0.3053324768478258,0.3053324768478258,0.1783811758367318,1.0000000000000000,0,5
Survival-Credit-AOP,DASCMOP8,DAS-CMOP,0.3724719653391947,0.3724719653391947,0.0882159624173003,1.0000000000000000,0,5
Survival-Credit-AOP,DASCMOP9,DAS-CMOP,0.0524838343750647,0.0524838343750647,0.2016953374807817,1.0000000000000000,0,5
