config,algorithm,problem,suite,N,maxFE,run,seed,finishedFE,runtime,IGD,HV,Feasible_rate,file
"s01_smoke","CMOEA-AOP","CF1","CF",100,5000,1,121101,5112,11.9614,0.02901907304838751,0.5318522707506537,1,"CMOEA_AOP_CF1_N100_FE5000_run1_seed121101.mat"
"s01_smoke","CMOEA-AOP","DASCMOP1","DAS-CMOP",100,5000,1,121301,5102,3.732,0.6636126977302126,0.01786553632366416,1,"CMOEA_AOP_DASCMOP1_N100_FE5000_run1_seed121301.mat"
"s01_smoke","CMOEA-AOP","LIRCMOP1","LIR-CMOP",100,5000,1,121201,5118,5.1739,0.3277545303896784,0.1042384984240904,0.1,"CMOEA_AOP_LIRCMOP1_N100_FE5000_run1_seed121201.mat"
"s01_smoke","DE-best-heavy","CF1","CF",100,5000,1,191101,5000,0.549,0.04722549075855685,0.5113148184918561,1,"DE_best_heavy_CF1_N100_FE5000_run1_seed191101.mat"
"s01_smoke","DE-best-heavy","DASCMOP1","DAS-CMOP",100,5000,1,191301,5000,0.39388,0.7369610190879602,0.005836028869535,1,"DE_best_heavy_DASCMOP1_N100_FE5000_run1_seed191301.mat"
"s01_smoke","DE-best-heavy","LIRCMOP1","LIR-CMOP",100,5000,1,191201,5000,0.33595,0.2913419507943373,0.1141574661919173,0.08,"DE_best_heavy_LIRCMOP1_N100_FE5000_run1_seed191201.mat"
"s01_smoke","DE-best-only","CF1","CF",100,5000,1,151101,5000,0.49046,0.05945813262732547,0.4943452516148342,1,"DE_best_only_CF1_N100_FE5000_run1_seed151101.mat"
"s01_smoke","DE-best-only","DASCMOP1","DAS-CMOP",100,5000,1,151301,5000,0.42505,0.755536166301768,0.001073291651955321,1,"DE_best_only_DASCMOP1_N100_FE5000_run1_seed151301.mat"
"s01_smoke","DE-best-only","LIRCMOP1","LIR-CMOP",100,5000,1,151201,5000,0.44379,0.3680841028996672,0.1009618738186411,0.01,"DE_best_only_LIRCMOP1_N100_FE5000_run1_seed151201.mat"
"s01_smoke","DE-rand+DE-best","CF1","CF",100,5000,1,221101,5000,0.41926,0.04625825582553532,0.5123860063563488,1,"DE_rand_DE_best_CF1_N100_FE5000_run1_seed221101.mat"
"s01_smoke","DE-rand+DE-best","DASCMOP1","DAS-CMOP",100,5000,1,221301,5000,0.37991,0.7637733125312609,0.001827172268961787,1,"DE_rand_DE_best_DASCMOP1_N100_FE5000_run1_seed221301.mat"
"s01_smoke","DE-rand+DE-best","LIRCMOP1","LIR-CMOP",100,5000,1,221201,5000,0.30259,NaN,NaN,0,"DE_rand_DE_best_LIRCMOP1_N100_FE5000_run1_seed221201.mat"
"s01_smoke","DE-rand-heavy","CF1","CF",100,5000,1,181101,5000,0.37626,0.04703761300059658,0.5126320409434079,1,"DE_rand_heavy_CF1_N100_FE5000_run1_seed181101.mat"
"s01_smoke","DE-rand-heavy","DASCMOP1","DAS-CMOP",100,5000,1,181301,5000,0.37041,0.7575073240755403,0.00346669393911226,1,"DE_rand_heavy_DASCMOP1_N100_FE5000_run1_seed181301.mat"
"s01_smoke","DE-rand-heavy","LIRCMOP1","LIR-CMOP",100,5000,1,181201,5000,0.36557,0.2458363947660501,0.129883524488032,0.03,"DE_rand_heavy_LIRCMOP1_N100_FE5000_run1_seed181201.mat"
"s01_smoke","DE-rand-only","CF1","CF",100,5000,1,141101,5000,0.39965,0.03844819847772809,0.5201675230094965,1,"DE_rand_only_CF1_N100_FE5000_run1_seed141101.mat"
"s01_smoke","DE-rand-only","DASCMOP1","DAS-CMOP",100,5000,1,141301,5000,0.36376,0.7653679560120148,0.0006150610410666514,1,"DE_rand_only_DASCMOP1_N100_FE5000_run1_seed141301.mat"
"s01_smoke","DE-rand-only","LIRCMOP1","LIR-CMOP",100,5000,1,141201,5000,0.29971,0.4053610294408285,0.07331407336018088,0.01,"DE_rand_only_LIRCMOP1_N100_FE5000_run1_seed141201.mat"
"s01_smoke","EMCMO","CF1","CF",100,5000,1,111101,5000,0.43531,0.06288306313474183,0.4893342044868779,1,"EMCMO_CF1_N100_FE5000_run1_seed111101.mat"
"s01_smoke","EMCMO","DASCMOP1","DAS-CMOP",100,5000,1,111301,5000,0.49527,0.8041928062591995,0,1,"EMCMO_DASCMOP1_N100_FE5000_run1_seed111301.mat"
"s01_smoke","EMCMO","LIRCMOP1","LIR-CMOP",100,5000,1,111201,5000,0.45982,0.3237212452665303,0.1017946582423286,1,"EMCMO_LIRCMOP1_N100_FE5000_run1_seed111201.mat"
"s01_smoke","Equal-AOP","CF1","CF",100,5000,1,161101,5000,2.0652,0.05540982576558815,0.5000720096557025,1,"Equal_AOP_CF1_N100_FE5000_run1_seed161101.mat"
"s01_smoke","Equal-AOP","DASCMOP1","DAS-CMOP",100,5000,1,161301,5000,0.35094,0.7323786254842748,0.007116579811872669,1,"Equal_AOP_DASCMOP1_N100_FE5000_run1_seed161301.mat"
"s01_smoke","Equal-AOP","LIRCMOP1","LIR-CMOP",100,5000,1,161201,5000,0.38732,0.3604353683209069,0.09388591637066195,0.01,"Equal_AOP_LIRCMOP1_N100_FE5000_run1_seed161201.mat"
"s01_smoke","GA+DE-best","CF1","CF",100,5000,1,211101,5000,0.34886,0.06559609884204855,0.484130197413263,1,"GA_DE_best_CF1_N100_FE5000_run1_seed211101.mat"
"s01_smoke","GA+DE-best","DASCMOP1","DAS-CMOP",100,5000,1,211301,5000,0.3503,0.7670904203459884,0,1,"GA_DE_best_DASCMOP1_N100_FE5000_run1_seed211301.mat"
"s01_smoke","GA+DE-best","LIRCMOP1","LIR-CMOP",100,5000,1,211201,5000,0.36931,0.2733403779186589,0.1165192855094814,0.02,"GA_DE_best_LIRCMOP1_N100_FE5000_run1_seed211201.mat"
"s01_smoke","GA+DE-rand","CF1","CF",100,5000,1,201101,5000,0.39073,0.04372969314106914,0.513637776505393,1,"GA_DE_rand_CF1_N100_FE5000_run1_seed201101.mat"
"s01_smoke","GA+DE-rand","DASCMOP1","DAS-CMOP",100,5000,1,201301,5000,0.28687,0.7676158006308208,0.0008929076285615651,1,"GA_DE_rand_DASCMOP1_N100_FE5000_run1_seed201301.mat"
"s01_smoke","GA+DE-rand","LIRCMOP1","LIR-CMOP",100,5000,1,201201,5000,0.28229,0.1966971190507051,0.1471332440530299,0.05,"GA_DE_rand_LIRCMOP1_N100_FE5000_run1_seed201201.mat"
"s01_smoke","GA-heavy","CF1","CF",100,5000,1,171101,5000,0.38214,0.06096969448894266,0.4920863259821656,1,"GA_heavy_CF1_N100_FE5000_run1_seed171101.mat"
"s01_smoke","GA-heavy","DASCMOP1","DAS-CMOP",100,5000,1,171301,5000,0.37308,0.8011326799620825,0,1,"GA_heavy_DASCMOP1_N100_FE5000_run1_seed171301.mat"
"s01_smoke","GA-heavy","LIRCMOP1","LIR-CMOP",100,5000,1,171201,5000,0.37268,0.3608010724647774,0.09274685666884221,0.01,"GA_heavy_LIRCMOP1_N100_FE5000_run1_seed171201.mat"
"s01_smoke","GA-only","CF1","CF",100,5000,1,131101,5000,0.36032,0.09439943804140301,0.4495708367440022,1,"GA_only_CF1_N100_FE5000_run1_seed131101.mat"
"s01_smoke","GA-only","DASCMOP1","DAS-CMOP",100,5000,1,131301,5000,0.427,0.8620190188205288,0,1,"GA_only_DASCMOP1_N100_FE5000_run1_seed131301.mat"
"s01_smoke","GA-only","LIRCMOP1","LIR-CMOP",100,5000,1,131201,5000,0.49558,NaN,NaN,0,"GA_only_LIRCMOP1_N100_FE5000_run1_seed131201.mat"
